"Incident_ID","HF_SkillError","HF_DecisionError","HF_PerceptionError","HF_Violation","HF_Fatigue","HF_Stress","HF_Medical","HF_Complacency","HF_Distraction","HF_KnowledgeSkill","HF_Experience","HF_Motivation","HF_CRM","HF_ATC_CommError","HF_ATC_InstructionError","HF_ATC_Separation","HF_ATC_InfoLack","HF_ATC_Workload","HF_Maint_Quality","HF_Maint_Pressure","HF_Ground_FuelError","HF_Ground_LoadError","HF_Ground_Damage","HF_Ground_Deicing","HF_Ground_FOD","Tech_SystemFailure","Tech_DesignFlaw","Tech_ManufacturingDefect","Tech_Fire","Env_Icing","Env_Turbulence","Env_WindShear","Env_Thunderstorm","Env_Visibility","Env_Ceiling","Env_SurfaceWind","Env_Temperature","Env_VolcanicAsh","Env_RunwayCondition","Env_AirportLights","Env_NavAids","Env_Obstacles","Env_Terrain","Env_TrafficDensity","Env_AirspaceComplexity","Env_BirdstrikeRisk","Org_ProceduresQuality","Org_PlanningScheduling","Org_Oversight","Org_SMS_Effectiveness","Org_Resources","Org_Pressure","Org_TrainingQuality","Org_MaintOrganization","Org_SafetyCulture","Org_RegulatoryOversight","Ctx_TaskComplexity","Ctx_Workload","Ctx_UnexpectedEvents","Ctx_FlightPhase","Outcome_Severity","Причина(ы) АП"
"1_A319_01.01.12","0","1","0","1","0","0","0","0","0","0","0","0","0","0","0","0","0","0","0","0","0","0","0","0","0","0","0","0","0","0","0","0","0","1","1","0","0","0","0","0","0","0","0","0","0","0","1","0","0","0","0","0","0","0","0","0","1","0","0","7","0","Посадка ниже минимума."
"2_A319_02.01.12","0","1","0","1","0","0","0","0","0","0","0","0","0","0","0","0","0","0","0","0","0","0","0","0","0","0","0","0","0","0","0","0","0","1","1","0","0","0","0","0","0","0","0","0","0","0","1","0","0","0","0","0","0","0","0","0","1","0","0","7","0","Посадка ниже минимума."
"3_A-319_09.01.12","0","1","0","1","0","0","0","0","0","0","0","0","0","0","0","0","0","0","0","0","0","0","0","0","0","0","0","0","0","0","0","0","0","1","1","0","0","0","0","0","0","0","0","0","0","0","1","0","0","0","0","0","0","0","0","0","1","0","0","7","0","Посадка ниже минимума (70x900)."
"4_A-320_10.01.12","0","1","0","1","0","0","0","0","0","0","0","0","0","0","0","0","0","0","0","0","0","0","0","0","0","0","0","0","0","1","1","0","0","1","1","1","1","0","2","0","0","0","0","0","0","0","1","0","0","0","0","0","0","0","0","0","1","0","0","7","0","Посадка ниже минимума (60x800)."
"5_A-320_14.01.12","0","0","0","0","0","0","0","0","0","0","0","0","0","0","0","0","0","0","0","0","0","0","0","0","0","0","0","0","0","0","0","0","1","0","0","0","0","0","0","0","0","0","0","0","0","0","0","0","0","0","0","0","0","0","0","0","0","0","1","3","0","Поражение грозовым разрядом."
"6_A-320_01.02.12","0","1","0","1","0","0","0","0","0","0","0","0","0","0","0","0","0","0","0","0","0","0","0","0","0","0","0","0","0","0","0","0","0","1","1","0","0","0","0","0","0","0","0","0","0","0","1","0","0","0","0","0","0","0","0","0","1","0","0","7","0","Посадка ниже минимума (60x800)."
"7_АН-24_03.02.12","0","1","0","1","0","0","0","0","0","0","0","0","0","0","0","0","0","0","0","0","0","0","0","0","0","0","0","0","0","0","0","0","0","1","1","1","0","0","0","0","0","0","0","0","0","0","1","0","0","0","0","0","0","0","0","0","1","0","0","7","0","Посадка ниже минимума по боковой составляющей ветра."
"8_АН-24_03.02.12","0","1","0","1","0","0","0","0","0","0","0","0","0","0","0","0","0","0","0","0","0","0","0","0","0","0","0","0","0","0","0","0","0","1","1","1","0","0","0","0","0","0","0","0","0","0","1","0","0","0","0","0","0","0","0","0","1","0","0","7","0","Посадка ниже минимума по боковой составляющей ветра."
"9_A320_28.02.12","0","1","0","1","0","0","0","0","0","0","0","0","0","0","0","0","0","0","0","0","0","0","0","0","0","0","0","0","0","0","0","0","0","1","1","0","0","0","0","0","0","0","0","0","0","0","1","0","0","0","0","0","0","0","0","0","1","0","0","7","0","Посадка ниже минимума (70x900)."
"11_АТR-72_02.04.12","1","1","0","1","0","1","0","0","0","0","0","0","1","0","0","0","0","0","0","0","0","0","0","2","0","0","0","0","1","3","1","0","0","1","1","1","1","0","2","0","0","0","0","0","0","0","1","0","0","1","0","0","1","0","1","0","1","1","1","2","2","Сваливание при взлете из-за обледенения (неадекватная/невыполненная ПОО)."
"15_B-747_29.04.12","0","0","0","0","0","0","0","0","0","0","0","0","0","0","0","1","1","0","0","0","0","0","0","0","0","0","0","0","0","0","0","0","0","0","0","0","0","0","0","0","0","0","0","1","0","0","0","0","0","0","0","0","0","0","0","0","0","0","1","6","0","Опасное сближение с радиозондом."
"18_Ту-134_14.05.12","0","1","0","1","0","0","0","0","0","0","0","0","0","0","0","0","0","0","0","0","0","0","0","0","0","0","0","0","0","0","0","0","0","1","1","0","0","0","0","0","0","0","0","0","0","0","1","0","0","0","0","0","0","0","0","0","1","0","0","7","0","Посадка ниже минимума (1700х110)."
"20_Ан-26-100_21.05.12","0","1","0","1","0","0","0","0","0","0","0","0","0","0","0","0","0","0","0","0","0","0","0","0","0","0","0","0","0","0","0","0","0","1","1","1","0","0","0","0","0","0","0","0","0","0","1","0","0","0","0","0","0","0","0","0","1","0","0","7","0","Посадка ниже минимума по боковой составляющей ветра."
"22_А-320_25.05.12","0","1","0","1","0","0","0","0","0","0","0","0","0","0","0","0","0","0","0","0","0","0","0","0","0","0","0","0","0","0","0","0","0","1","1","0","0","0","0","0","0","0","0","0","0","0","1","0","0","0","0","0","0","0","0","0","1","0","0","7","0","Посадка ниже минимума (туман, видимость 300м)."
"23_Б-744_25.05.12","0","1","0","1","0","0","0","0","0","0","0","0","0","0","0","0","0","0","0","0","0","0","0","0","0","0","0","0","0","0","0","0","0","1","1","0","0","0","0","0","0","0","0","0","0","0","1","0","0","0","0","0","0","0","0","0","1","0","0","7","0","Посадка ниже минимума (туман, видимость 250м)."
"26_F-900_12.06.12","0","1","0","1","0","0","0","0","0","0","0","0","0","0","0","0","0","0","0","0","0","0","0","0","0","0","0","0","0","0","0","0","0","1","1","0","0","0","0","0","0","0","0","0","0","0","1","0","0","0","0","0","0","0","0","0","1","0","0","7","0","Посадка ниже минимума."
"Ан-2_07.03.13","1","1","0","1","0","0","0","0","0","0","0","0","0","0","0","0","0","0","0","0","0","0","0","0","0","0","0","0","0","0","1","0","0","1","1","1","1","0","2","0","0","1","0","0","0","0","1","0","0","0","0","0","0","0","0","0","1","0","0","7","0","Посадка при погоде ниже минимума, задело крылом землю."
"B-747-8F_31.07.13","0","0","0","0","0","1","0","0","0","0","0","0","0","0","0","0","0","0","0","0","0","0","0","0","0","1","0","0","0","3","1","0","1","0","0","0","0","0","0","0","0","0","0","0","0","0","0","0","0","0","0","0","0","0","0","0","1","0","1","4","0","Отказ двух двигателей (помпаж) из-за обледенения типа «Ice Crystal Icing»."
"A-319_04.08.13","0","0","0","0","0","0","0","0","0","0","0","0","0","0","0","1","1","0","0","0","0","0","0","0","0","0","0","0","0","0","0","0","0","0","0","0","0","0","0","0","0","0","0","1","0","0","0","0","0","0","0","0","0","0","0","0","0","0","1","3","0","Опасное сближение с несанкционированными воздушными шарами."
"B-747-400F_27.08.13","0","0","0","0","0","1","0","0","0","0","0","0","0","0","0","0","0","0","0","0","0","0","0","0","0","1","0","0","0","3","0","0","1","0","0","0","0","0","0","0","0","0","0","0","0","0","0","0","0","0","0","0","0","0","0","0","1","0","1","4","0","Неустойчивая работа двигателей из-за обледенения типа «Ice Crystal Icing»."
"A321-200_05.06.13","0","0","0","0","0","0","0","0","0","0","0","0","0","0","0","0","0","0","0","0","0","0","0","0","0","0","0","0","0","0","0","0","0","0","0","0","0","0","0","0","0","0","0","0","0","2","0","0","0","0","0","0","0","0","0","0","0","0","1","3","0","Столкновение со стаей птиц."
"A320-200_07.06.13","0","0","0","0","0","0","0","0","0","0","0","0","0","0","0","0","0","0","0","0","0","0","0","0","0","0","0","0","0","0","0","0","1","0","0","0","0","0","0","0","0","0","0","0","0","0","0","0","0","0","0","0","0","0","0","0","1","0","1","6","0","Поражение разрядом атмосферного электричества."
"A320-200_29.06.13","0","0","0","0","0","0","0","0","0","0","0","0","0","0","0","0","0","0","0","0","0","0","0","0","0","0","0","0","0","0","0","0","1","0","0","0","0","0","0","0","0","0","0","0","0","0","0","0","0","0","0","0","0","0","0","0","1","0","1","6","0","Поражение разрядом атмосферного электричества."
"A320-200_12.08.13","0","0","0","0","0","0","0","0","0","0","0","0","0","0","0","0","0","0","0","0","0","0","0","0","0","0","0","0","0","0","3","0","0","0","0","0","0","0","0","0","0","0","0","0","0","0","0","0","0","0","0","0","0","0","0","0","0","0","1","5","0","Попадание в зону сильной турбулентности при ясном небе."
"Dornier228_09.09.13","1","1","1","1","0","1","0","0","0","0","0","0","1","0","0","0","0","0","0","0","0","0","0","0","0","0","0","0","0","0","0","0","0","1","0","0","0","0","0","0","0","1","1","0","0","0","1","0","0","0","0","0","0","0","0","0","1","1","0","6","2","Столкновение с землей (CFIT) при снижении ниже безопасной высоты в условиях плохой видимости."
"Cessna525A_29.09.13","1","1","0","0","0","1","0","0","0","0","0","0","0","0","0","0","0","0","0","0","0","0","0","0","0","0","0","0","1","0","0","0","0","1","0","0","0","0","1","0","0","1","0","0","0","0","0","0","0","0","0","0","0","0","0","0","1","1","0","8","2","Выкатывание за пределы полосы, столкновение с ангаром, пожар в сложных метеоусловиях."
"Embraer135_02.01.15","1","0","0","0","0","0","0","0","0","0","0","0","0","0","0","0","0","0","0","0","0","0","0","0","0","0","0","0","0","0","0","0","0","0","1","1","0","0","1","0","0","0","0","0","0","0","0","0","0","0","0","0","0","0","0","0","1","0","0","8","0","Выкатывание за пределы ВПП при пробеге."
"Боинг_10.01.15","0","1","0","1","0","0","0","0","0","0","0","0","0","0","0","0","0","0","0","0","0","0","0","0","0","0","0","0","0","0","0","0","0","1","1","1","1","0","2","0","0","0","0","0","0","0","1","0","0","0","0","0","0","0","0","0","1","0","0","7","0","Посадка ниже минимума (220x3300)."
"A-320_11.01.15_1","0","0","0","0","0","0","0","0","0","0","0","0","0","0","0","0","0","0","0","0","0","0","0","0","0","0","0","0","0","1","1","1","1","0","0","0","0","0","0","0","0","0","0","0","0","0","0","0","0","0","0","0","0","0","0","0","1","0","1","6","0","Поражение разрядом атмосферного статического электричества."
"A-321_11.01.15_2","0","0","0","0","0","0","0","0","0","0","0","0","0","0","0","0","0","0","0","0","0","0","0","0","0","0","0","0","0","1","1","1","1","0","0","0","0","0","0","0","0","0","0","0","0","0","0","0","0","0","0","0","0","0","0","0","1","0","1","6","0","Поражение разрядом атмосферного статического электричества."
"A-321_29.01.15","0","0","0","0","0","0","0","0","0","0","0","0","0","0","0","0","0","0","0","0","0","0","0","0","0","1","0","0","0","1","1","1","1","0","0","0","0","0","0","0","0","0","0","0","0","0","0","0","0","0","0","0","0","0","0","0","1","0","1","3","0","Поражение разрядом атмосферного статического электричества, сбои в работе систем."
"A-320-214_15.02.15","0","1","0","1","0","0","0","0","0","0","0","0","0","0","0","0","0","0","0","0","0","0","0","0","0","0","0","0","0","1","0","0","0","1","1","0","1","0","0","0","0","0","0","0","0","0","1","0","0","0","0","0","0","0","0","0","1","0","0","7","0","Посадка ниже минимума (60x800)."
"Боинг-738_16.02.15","0","1","0","1","0","0","0","0","0","0","0","0","0","0","0","0","0","0","0","0","0","0","0","0","0","0","0","0","0","0","1","0","0","1","1","1","1","0","2","0","0","0","0","0","0","0","1","0","0","0","0","0","0","0","0","0","1","0","0","7","0","Посадка ниже минимума (140x3000)."
"A-319_16.02.15","0","1","0","1","0","0","0","0","0","0","0","0","0","0","0","0","0","0","0","0","0","0","0","0","0","0","0","0","0","0","1","0","0","1","1","1","1","0","2","0","0","0","0","0","0","0","1","0","0","0","0","0","0","0","0","0","1","0","0","7","0","Посадка ниже минимума (140x3000)."
"А-320_27.02.15","0","1","0","1","0","0","0","0","0","0","0","0","0","0","0","0","0","0","0","0","0","0","0","0","0","0","0","0","0","0","0","0","0","1","1","0","1","0","0","0","0","0","0","0","0","0","1","0","0","0","0","0","0","0","0","0","1","0","0","7","0","Посадка ниже минимума (60x800)."
"А-320_02.03.15","0","1","0","1","0","0","0","0","0","0","0","0","0","0","0","0","0","0","0","0","0","0","0","0","0","0","0","0","0","0","0","0","0","1","1","0","0","0","0","0","0","0","0","0","0","0","1","0","0","0","0","0","0","0","0","0","1","0","0","7","0","Посадка ниже минимума (70x900)."
"Л-410_11.03.15","0","1","0","1","0","0","0","0","0","0","0","0","0","0","0","0","0","0","0","0","0","0","0","0","0","0","0","0","0","0","0","0","0","1","1","0","1","0","1","0","0","0","0","0","0","0","1","0","0","0","0","0","0","0","0","0","1","0","0","7","0","Посадка ниже минимума (220x3300)."
"Ан-24Б_19.03.15_1","1","1","0","1","0","0","0","0","0","0","0","0","0","0","0","0","0","0","0","0","0","0","0","0","0","0","0","0","0","1","1","0","0","1","1","1","1","0","0","0","0","0","0","0","0","0","1","0","0","0","0","0","0","0","0","0","1","0","0","7","0","Посадка с превышением боковой составляющей ветра при заявленном Ксц."
"Ан-24Б_19.03.15_2","1","1","0","1","0","0","0","0","0","0","0","0","0","0","0","0","0","0","0","0","0","0","0","0","0","0","0","0","0","1","1","0","0","1","1","1","1","0","0","0","0","0","0","0","0","0","1","0","0","0","0","0","0","0","0","0","1","0","0","7","0","Посадка с превышением боковой составляющей ветра при заявленном Ксц."
"ATR-72-600_04.02.15","1","1","1","1","0","2","0","0","1","1","0","0","2","0","0","0","0","0","0","0","0","0","0","0","0","1","0","0","0","0","0","0","0","0","0","0","0","0","0","0","0","1","0","0","0","0","1","0","0","1","0","0","1","0","1","0","1","1","1","2","2","Отказ правого двигателя, ошибочное отключение исправного левого двигателя экипажем, сваливание."
"Boeing737-700_12.02.15","0","0","0","0","0","0","0","0","0","0","0","0","0","0","0","0","0","0","0","0","0","0","0","0","0","0","0","0","0","0","3","0","0","0","0","0","0","0","0","0","0","0","0","0","0","0","0","0","0","0","0","0","0","0","0","0","0","0","1","4","0","Попадание в зону сильной турбулентности."
"Boeing737-800_20.02.15","0","0","0","0","0","0","0","0","0","0","0","0","0","0","0","0","0","0","0","0","0","0","0","0","0","0","0","0","0","0","0","0","1","0","0","0","0","0","0","0","0","0","0","0","0","0","0","0","0","0","0","0","0","0","0","0","0","0","1","4","0","Поражение разрядом атмосферного электричества."
"A320_24.03.15","0","1","0","1","0","0","1","0","0","0","0","1","2","0","0","0","0","0","0","0","0","0","0","0","0","0","0","0","0","0","0","0","0","0","0","0","0","0","0","0","0","0","1","0","0","0","1","0","1","2","1","0","1","0","1","1","0","0","1","5","2","Преднамеренное столкновение с землей (самоубийство второго пилота)."
"1_Ан-24РВ_02.07.17","0","1","0","1","0","0","0","0","0","0","0","0","0","0","0","0","0","0","0","0","0","0","0","0","0","0","0","0","0","0","0","0","0","1","0","0","0","0","0","0","0","0","0","0","0","0","1","0","0","0","0","0","0","0","0","0","1","0","0","7","0","Посадка при видимости ниже эксплуатационного минимума (сознательное отступление КВС от ФАП-128)."
"2_A-320_03.07.17","0","1","0","1","0","0","0","0","0","0","0","0","0","0","0","0","0","0","0","0","0","0","0","0","0","0","0","0","0","0","0","0","0","1","1","0","0","0","0","0","0","0","0","0","0","0","0","0","0","0","0","0","0","0","0","0","1","0","0","7","0","Посадка ниже эксплуатационного минимума аэродрома (ОВИ, верт. видимость)."
"3_A-320_31.07.17","0","1","0","1","0","0","0","0","0","0","0","0","0","0","0","0","0","0","0","0","0","0","0","0","0","0","0","0","0","0","0","0","0","1","1","0","0","0","0","0","0","0","0","0","0","0","0","0","0","0","0","0","0","0","0","0","1","0","0","7","0","Посадка ниже эксплуатационного минимума аэродрома (ОВИ, верт. видимость)."
"4_Б-752_18.08.17","0","1","0","1","0","0","0","0","0","0","0","0","0","0","0","0","0","0","0","0","0","0","0","0","0","0","0","0","0","0","0","0","0","1","1","0","0","0","0","0","0","0","0","0","0","0","0","0","0","0","0","0","0","0","0","0","1","0","0","7","0","Посадка ниже эксплуатационного минимума аэродрома (дальность видимости на ВПП, верт. видимость)."
"5_А-319_22.08.17","0","0","0","0","0","0","0","0","0","0","0","0","0","0","0","0","0","0","0","0","0","0","0","0","0","0","0","0","0","1","1","1","1","0","0","0","0","0","0","0","0","0","0","0","0","0","0","0","0","0","0","0","0","0","0","0","1","0","1","3","0","Поражение разрядом атмосферного электричества после взлета."
"6_Б-737_24.08.17","0","1","0","1","0","0","0","0","0","0","0","0","0","0","0","0","0","0","0","0","0","0","0","0","0","0","0","0","0","0","0","0","0","1","1","0","0","0","0","0","0","0","0","0","0","0","0","0","0","0","0","0","0","0","0","0","1","0","0","7","0","Посадка ниже эксплуатационного минимума аэродрома (ОВИ, верт. видимость)."
"7_Б-737_29.08.17","0","1","0","1","0","0","0","0","0","0","0","0","0","0","0","0","0","0","0","0","0","0","0","0","0","0","0","0","0","0","0","0","0","1","1","0","0","0","2","0","0","0","0","0","0","0","0","0","0","0","0","0","0","0","0","0","1","0","0","7","0","Посадка ниже эксплуатационного минимума аэродрома (ОВИ, ВНГО)."
"3_B-737-800_01.11.17","0","0","0","0","0","0","0","0","0","0","0","0","0","0","0","0","0","0","0","0","0","0","0","0","0","0","0","0","0","0","1","1","1","0","0","0","0","0","0","0","0","0","0","0","0","0","0","0","0","0","0","0","0","0","0","0","1","0","1","6","0","Поражение разрядом статического атмосферного электричества при заходе на посадку."
"4_A-319_01.11.17","0","0","0","0","0","0","0","0","0","0","0","0","0","0","0","0","0","0","0","0","0","0","0","0","0","0","0","0","0","0","1","1","1","0","0","0","0","0","0","0","0","0","0","0","0","0","0","0","0","0","0","0","0","0","0","0","1","0","1","6","0","Поражение разрядом статического атмосферного электричества при заходе на посадку."
"5_В-735_15.11.17","0","1","0","1","0","0","0","0","0","0","0","0","0","0","0","0","0","0","0","0","0","0","0","0","0","0","0","0","0","1","0","0","0","1","1","1","1","0","0","0","0","0","0","0","0","0","0","0","0","0","0","0","0","0","0","0","1","0","0","7","0","Посадка ниже эксплуатационного минимума аэродрома (видимость на ВПП)."
"6_Ан-28_21.11.17","0","1","0","1","0","0","0","0","0","0","0","0","0","0","0","0","0","0","0","0","0","0","0","0","0","0","0","0","0","0","0","0","0","1","1","0","1","0","2","0","0","0","0","0","0","0","0","0","0","0","0","0","0","0","0","0","1","0","0","7","0","Посадка ниже эксплуатационного минимума аэродрома (верт. видимость, дальность видимости на ВПП)."
"7_A-320_21.11.17","0","1","0","1","0","0","0","0","0","0","0","0","0","0","0","0","0","0","0","0","0","0","0","0","0","0","0","0","0","1","0","0","0","1","1","0","1","0","0","0","0","0","0","0","0","0","0","0","0","0","0","0","0","0","0","0","1","0","0","7","0","Посадка ниже эксплуатационного минимума аэродрома (верт. видимость, видимость на ВПП)."
"8_RRJ-100-95_23.11.17","0","0","0","0","0","0","0","0","0","0","0","0","0","0","0","0","0","0","0","0","0","0","0","0","0","1","0","0","0","1","0","1","1","0","0","0","0","0","0","0","0","0","0","0","0","0","0","0","0","0","0","0","0","0","0","0","1","0","1","6","0","Поражение разрядом атмосферного электричества при заходе на посадку, приведшее к отказу радиостанции."
"9_A-320_24.11.17","0","0","0","0","0","0","0","0","0","0","0","0","0","0","0","0","0","0","0","0","0","0","0","0","0","0","0","0","0","1","1","1","1","0","0","0","0","0","0","0","0","0","0","0","0","0","0","0","0","0","0","0","0","0","0","0","1","0","1","5","0","Поражение разрядом атмосферного электричества при снижении."
"10_B-737-800_24.11.17","0","0","0","0","0","0","0","0","0","0","0","0","0","0","0","0","0","0","0","0","0","0","0","0","0","0","0","0","0","1","1","1","1","0","0","0","0","0","0","0","0","0","0","0","0","0","0","0","0","0","0","0","0","0","0","0","1","0","1","3","0","Поражение разрядом атмосферного электричества после взлета."
"11_Су-95_24.11.17","0","1","0","1","0","0","0","0","0","0","0","0","0","0","0","0","0","0","0","0","0","0","0","0","0","0","0","0","0","1","1","1","1","1","1","0","0","0","0","0","0","0","0","0","0","0","0","0","0","0","0","0","0","0","0","0","1","0","0","7","0","Посадка ниже эксплуатационного минимума аэродрома (видимость)."
"12_Ан-24_02.12.17","0","1","0","1","0","0","0","0","0","0","0","0","0","0","0","0","0","0","0","0","0","0","0","0","0","0","0","0","0","0","0","0","0","1","1","1","1","0","0","0","0","0","0","0","0","0","0","0","0","0","0","0","0","0","0","0","1","0","0","7","0","Посадка ниже эксплуатационного минимума аэродрома (видимость на ВПП, ВНГО)."
"13_A-320_07.12.17","0","1","0","1","0","0","0","0","0","0","0","0","0","0","0","0","0","0","0","0","0","0","0","0","0","0","0","0","0","1","0","0","0","1","1","0","1","0","2","0","0","0","0","0","0","0","0","0","0","0","0","0","0","0","0","0","1","0","0","7","0","Посадка ниже эксплуатационного минимума аэродрома (ОВИ, верт. видимость)."
"14_Б-757_08.12.17","0","1","0","1","0","0","0","0","0","0","0","0","0","0","0","0","0","0","0","0","0","0","0","0","0","0","0","0","0","1","0","0","0","1","1","0","1","0","2","0","0","0","0","0","0","0","0","0","0","0","0","0","0","0","0","0","1","0","0","7","0","Посадка ниже эксплуатационного минимума аэродрома (ОВИ, ВНГО)."
"15_Ан-28_17.12.17","0","1","0","1","0","0","0","0","0","0","0","0","0","0","0","0","0","0","0","0","0","0","0","0","0","0","0","0","0","0","0","0","0","1","1","0","1","0","2","0","0","0","0","0","0","0","0","0","0","0","0","0","0","0","0","0","1","0","0","7","0","Посадка ниже эксплуатационного минимума аэродрома (верт. видимость, видимость)."
"16_Ан-24_17.12.17","0","1","0","1","0","0","0","0","0","0","0","0","0","0","0","0","0","0","0","0","0","0","0","0","0","0","0","0","0","0","0","0","0","1","1","0","1","0","0","0","0","0","0","0","0","0","0","0","0","0","0","0","0","0","0","0","1","0","0","7","0","Посадка ниже эксплуатационного минимума посадочной площадки (видимость, НГО)."
"17_А-321_25.12.17","0","0","0","0","0","0","0","0","0","0","0","0","0","0","0","0","0","0","0","0","0","0","0","0","0","0","0","0","0","1","1","0","1","0","0","0","0","0","0","0","0","0","0","0","0","0","0","0","0","0","0","0","0","0","0","0","1","0","1","3","0","Поражение разрядом атмосферного электричества после взлета."
"1.G_Ан-148_11.02.18","1","1","1","1","0","0","0","0","0","1","0","0","0","0","0","0","0","0","0","0","0","0","0","0","0","1","0","0","0","2","0","0","0","1","0","0","0","0","1","0","0","0","0","0","0","0","1","0","0","1","0","0","1","0","1","0","1","0","1","3","2","Обледенение ППД при выключенном обогреве, неверные данные о скорости, действия экипажа на основе неверных данных."
"3_Ан-24_23.02.18","1","0","0","0","0","0","0","0","0","0","0","0","0","0","0","0","0","0","0","0","0","0","0","0","0","0","0","0","0","0","0","1","0","1","1","1","0","0","2","0","0","0","0","0","0","0","0","0","0","0","0","0","0","0","0","0","1","0","0","8","0","Выкатывание ВС с ГВПП во время пробега после приземления (вероятно, боковой ветер, сдвиг ветра, состояние ВПП)."
"5_А-321_15.03.18","0","0","0","0","0","0","0","0","0","0","0","0","0","0","0","0","0","0","0","0","0","0","0","0","0","0","0","0","0","0","0","0","1","0","0","0","0","0","0","0","0","0","0","0","0","0","0","0","0","0","0","0","0","0","0","0","0","0","1","3","0","Поражение разрядом атмосферного электричества в условиях грозовой деятельности."
"1_Ан-24РВ_19.07.18","0","1","0","0","0","0","0","0","0","0","0","0","0","0","0","0","0","0","0","0","0","0","0","0","0","0","0","0","0","0","2","0","1","1","1","0","0","0","0","0","0","0","0","0","0","0","0","0","0","0","0","0","0","0","0","0","1","0","1","3","0","Попадание в зону сильных ливневых осадков и турбулентности (в кучево-дождевом облаке), приведшее к повреждению конструкции."
"3_Б-737-800_31.08.18","1","1","0","0","0","1","0","0","0","0","0","0","1","0","0","0","0","0","0","0","0","0","0","0","0","0","0","0","1","0","0","1","1","1","1","0","0","0","2","0","0","0","0","0","0","0","0","0","0","0","0","0","0","0","0","0","1","1","1","8","1","Выкатывание за пределы ИВПП и падение в русло реки при посадке в условиях сильного ливня, грозы, сдвига ветра, возможного аквапланирования."
"4_RRJ-95В_09.10.18","1","0","0","0","0","0","0","0","0","0","0","0","0","0","0","0","0","0","0","0","0","0","0","0","0","0","0","0","0","1","0","0","0","0","1","0","1","0","2","0","0","0","0","0","0","0","0","0","0","0","0","0","0","0","0","0","1","0","0","8","1","Выкатывание за пределы ИВПП при посадке на ВПП, покрытую гололедом (Ксц=0.28), разрушение стоек шасси."
"5_Ан-24РВ_12.10.18","0","1","0","1","0","0","0","0","0","0","0","0","0","0","0","0","0","0","0","0","0","0","0","0","0","0","0","0","0","0","0","0","0","1","1","0","1","0","0","0","0","0","0","0","0","0","0","0","0","0","0","0","0","0","0","0","1","0","0","7","0","Посадка ниже эксплуатационного метеорологического минимума аэродрома (по видимости и ВНГО)."
"6_A-330-300_23.10.18","0","0","0","0","0","0","0","0","0","0","0","0","0","0","0","0","0","0","0","0","0","0","0","0","0","0","0","0","0","0","0","0","1","1","1","0","0","0","0","0","0","0","0","0","0","0","0","0","0","0","0","0","0","0","0","0","0","0","1","3","0","Поражение разрядом атмосферного электричества после взлета."
"7_Ан-2ТП_08.11.18","0","1","0","0","0","1","0","0","0","0","0","0","0","0","0","0","0","0","0","0","0","0","0","0","0","0","0","0","0","3","1","0","0","1","1","0","1","0","0","0","0","1","1","0","0","0","0","0","0","0","0","0","0","0","0","0","1","1","1","4","1","Вынужденная посадка в лесной массив из-за сильного обледенения, потери скорости и ухудшения характеристик ВС."
"9_Як-40_09.11.18","0","1","0","1","0","1","0","0","0","0","0","0","0","0","0","0","0","0","0","0","0","0","0","0","0","0","0","0","0","1","0","0","0","1","1","0","1","0","0","0","0","0","0","0","0","0","0","0","0","0","1","1","0","0","0","0","1","1","1","7","0","Посадка ниже эксплуатационного метеорологического минимума аэродрома (видимость/ВНГО) из-за ухудшения погоды на основном и запасном аэродромах и недостатка топлива для ухода на другой запасной."
"11_Ан-2_05.12.18","0","1","0","1","0","0","0","0","0","1","0","0","0","0","0","0","0","0","0","0","0","0","0","0","0","0","0","0","0","0","0","0","0","1","0","0","1","0","0","0","0","0","0","0","0","0","1","0","0","0","0","0","1","0","1","0","1","0","0","7","0","Посадка при видимости ниже минимума для ПВП (2000м), нарушение правил полетов (ПВП ночью при минимуме 450х4000), неверное определение времени суток (ночь), отказ от ухода на запасной при наличии возможности."
"12_Ан-24РВ_25.12.18","1","0","0","0","0","0","0","0","0","0","0","0","0","0","0","0","0","0","0","0","0","0","0","0","0","0","0","0","0","1","0","0","0","1","1","0","1","0","2","0","0","0","0","0","0","0","0","0","0","0","0","0","0","0","0","0","1","0","0","8","0","Выкатывание за пределы ИВПП при посадке в условиях низкой видимости, тумана и низкого коэффициента сцепления (0.30)."
"Q1_1_Як-42_19.01.19","0","1","0","1","0","0","0","0","0","0","0","0","0","0","0","0","0","0","0","0","0","0","0","0","0","0","0","0","0","1","0","0","0","1","1","0","1","0","2","0","0","0","0","0","0","0","1","0","0","0","0","0","0","0","0","0","1","0","0","7","0","Посадка ниже эксплуатационного минимума аэродрома Омск (70х900). Нарушение правил принятия решения на вылет и продолжение захода при погоде ниже минимума."
"Q1_3_Gulfstream_G200_26.02.19","1","0","0","0","0","0","0","0","0","0","0","0","0","0","0","0","0","0","0","0","0","0","0","0","0","0","0","0","0","0","0","0","0","0","0","1","0","0","2","0","0","0","0","0","0","0","0","0","0","0","0","0","0","0","0","0","1","0","0","8","1","Авария. Выкатывание за пределы ВПП влево после посадки с повреждением правой стойки шасси. Причина в отчете не указана (вероятно, ошибка пилотирования/порыв ветра)."
"Q1_5_B-737_02.03.19","0","0","0","0","0","0","0","0","0","0","0","0","0","0","0","0","0","0","0","0","0","0","0","0","0","0","0","0","0","0","0","1","1","0","0","0","0","0","0","0","0","0","0","0","0","0","0","0","0","0","0","0","0","0","0","0","1","0","1","3","0","Поражение разрядом атмосферного электричества при взлете (грозовая деятельность в районе аэродрома)."
"Q1_6_B-767-300_02.03.19","1","0","0","0","0","0","0","0","0","0","0","0","0","0","0","0","0","0","0","0","0","0","0","0","0","0","0","0","0","0","0","0","0","1","1","1","1","0","2","0","0","0","0","0","0","0","0","0","0","0","0","0","0","0","0","0","1","0","0","8","0","Выкатывание за пределы ВПП влево при посадке в сложных метеоусловиях (сильный снег, метель, ветер, низкий Ксц)."
"Q1_7_ATR-42-500_08.03.19","1","0","0","0","0","0","0","0","0","0","0","0","0","0","0","0","0","0","0","0","0","0","0","0","0","0","0","0","0","0","0","0","0","0","0","1","1","0","2","0","0","0","0","0","0","0","0","0","0","0","0","0","0","0","0","0","1","0","0","8","0","Серьезный инцидент. Выкатывание за пределы ВПП влево после посадки с повреждением шасси. Причина не указана (вероятно, ошибка пилотирования/порыв ветра)."
"Q1_9_B-737-800_23.03.19","0","0","0","0","0","0","0","0","0","0","0","0","0","0","0","0","0","0","0","0","0","0","0","0","0","0","0","0","0","0","1","1","1","0","0","0","0","0","0","0","0","0","0","0","0","0","0","0","0","0","0","0","0","0","0","0","1","0","1","6","0","Поражение разрядом атмосферного электричества при заходе на посадку (гроза, турбулентность, сдвиг ветра)."
"Q1_12_A-320_28.03.19","0","0","0","0","0","0","0","0","0","0","0","0","0","0","0","0","0","0","0","0","0","0","0","0","0","0","0","0","0","0","0","0","1","0","0","0","0","0","0","0","0","0","0","0","0","0","0","0","0","0","0","0","0","0","0","0","1","0","1","6","0","Поражение разрядом атмосферного электричества при выполнении захода на посадку (грозовая деятельность)."
"Q2_1_A-320_30.04.19","0","1","0","1","0","0","0","0","0","0","0","0","0","0","0","0","0","0","0","0","0","0","0","0","0","0","0","0","0","0","0","0","0","1","1","0","0","0","0","0","0","0","0","0","0","0","1","0","0","0","0","0","0","0","0","0","1","0","0","7","0","Посадка ниже эксплуатационного минимума аэродрома Омск (70х900)."
"Q2_2_RRJ-95_05.05.19","1","1","1","1","0","1","0","0","1","1","1","0","1","0","1","0","0","0","0","0","0","0","0","0","0","1","1","0","1","0","0","0","1","0","0","1","0","0","1","0","0","0","0","0","1","0","1","0","1","1","0","0","1","0","1","1","1","1","1","7","2","Катастрофа. Грубая посадка после попадания молнии, отказ систем, пожар. (Расследование МАК не завершено)."
"Q2_5_B-737-800_18.05.19","0","1","0","1","0","0","0","0","0","0","0","0","0","0","0","0","0","0","0","0","0","0","0","0","0","0","0","0","0","0","0","0","0","1","1","0","0","0","0","0","0","0","0","0","0","0","1","0","0","0","0","0","0","0","0","0","1","0","0","7","0","Посадка ниже эксплуатационного минимума аэродрома Владивосток (60х800)."
"Q2_6_B-737-800_18.05.19","0","1","0","1","0","0","0","0","0","0","0","0","0","0","0","0","0","0","0","0","0","0","0","0","0","0","0","0","0","0","0","0","0","1","1","0","0","0","0","0","0","0","0","0","0","0","1","0","0","0","0","0","0","0","0","0","1","0","0","7","0","Посадка ниже эксплуатационного минимума аэродрома Владивосток (60х800)."
"Q2_7_DHC8-Q300_28.05.19","0","1","0","1","0","0","0","0","0","0","0","0","0","0","0","0","0","0","0","0","0","0","0","0","0","0","0","0","0","0","0","0","0","1","1","1","1","0","0","0","0","0","0","0","0","0","1","0","0","0","0","0","0","0","0","0","1","0","0","7","0","Посадка ниже эксплуатационного минимума аэродрома Полярный (200х2000)."
"Q2_8_A-319_29.05.19","0","0","0","0","0","0","0","0","0","0","0","0","0","0","0","0","0","0","0","0","0","0","0","0","0","0","0","0","0","0","1","0","1","0","0","0","0","0","0","0","0","0","0","0","0","0","0","0","0","0","0","0","0","0","0","0","1","0","1","5","0","Поражение разрядом атмосферного электричества на этапе снижения (гроза)."
"Q3_3_B-773_29.07.19","0","0","0","0","0","0","0","0","0","0","0","0","0","0","0","0","0","0","0","0","0","0","0","0","0","0","0","0","0","0","0","0","0","0","0","0","0","0","0","0","0","0","0","0","0","0","0","0","0","0","0","0","0","0","0","0","1","0","1","5","0","Двойное поражение разрядом атмосферного статического электричества на снижении."
"Q3_4_Ан-2_29.08.19","1","1","0","1","0","0","0","0","0","0","0","0","0","0","0","0","1","0","0","0","0","0","0","0","0","0","0","0","0","2","1","0","0","0","0","0","0","0","0","0","0","0","0","0","0","0","1","0","0","0","0","0","0","0","0","0","1","0","1","4","2","Столкновение с поверхностью склона перевала в результате снижения до высоты ниже безопасной в условиях умеренной турбулентности и возможного обледенения. Полет без метеообеспечения."
"Q3_5_B-733_07.09.19","0","1","0","1","0","0","0","0","0","0","0","0","0","0","0","0","0","0","0","0","1","0","0","0","0","0","0","0","0","0","0","0","0","1","1","0","0","0","0","0","0","0","0","0","0","0","1","0","0","0","0","0","0","0","0","0","1","0","1","7","0","Посадка ниже эксплуатационного минимума аэродрома Новый Уренгой (90х900). Уход на запасной из-за погодных условий в Норильске при малом остатке топлива."
"Q3_7_Ан-24_15.09.19","0","1","0","1","0","0","0","0","0","0","0","0","0","0","0","0","0","0","0","0","0","0","0","0","0","0","0","0","0","0","0","0","0","1","1","0","0","0","1","0","0","0","0","0","0","0","1","0","0","0","0","0","0","0","0","0","1","0","0","7","0","Посадка ниже эксплуатационного минимума аэродрома Стрежевой (110х1700)."
"Q1_1_A-320_04.01.20","0","1","0","1","0","0","0","0","0","0","0","0","0","0","0","0","0","0","0","0","0","0","0","0","0","0","0","0","0","0","0","0","0","1","1","0","1","0","0","0","0","0","0","0","0","0","1","0","0","0","0","0","0","0","0","0","1","0","0","2","0","Взлет ниже эксплуатационного минимума аэродрома по видимости (RVR 100 м < 200 м)."
"Q1_2_A-321_05.01.20","0","0","0","0","0","0","0","0","0","0","0","0","0","0","0","0","0","0","0","0","0","0","0","0","0","0","0","0","0","3","0","0","0","0","0","0","0","0","0","0","0","0","0","0","0","0","0","0","0","0","0","0","0","0","0","0","1","0","1","6","0","Сильное обледенение в облаках в слое 300-900 м при заходе на посадку."
"Q1_3_B-737-800_06.01.20","0","1","0","1","0","0","0","0","0","0","0","0","0","0","0","0","0","0","0","0","0","0","0","0","0","0","0","0","0","1","0","0","0","1","1","0","1","0","2","0","0","0","0","0","0","0","1","0","0","0","0","0","0","0","0","0","1","0","0","7","0","Посадка ниже эксплуатационного минимума аэродрома (вертикальная видимость 80 м < минимума 60х800)."
"Q1_5_A-321_23.01.20","0","0","0","0","0","0","0","0","0","0","0","0","0","0","0","0","0","0","0","0","0","0","0","0","0","0","0","0","0","2","2","1","1","0","0","0","0","0","0","0","0","0","0","1","0","0","0","0","0","0","0","0","0","0","0","0","1","0","1","5","0","Поражение ВС разрядом атмосферного электричества в процессе снижения при заходе на посадку (гроза вблизи аэродрома, умеренная турбулентность, умеренное обледенение, сдвиг ветра)."
"Q1_7_B-735_09.02.20","1","1","0","1","0","0","0","0","0","0","0","0","0","0","0","0","0","0","0","0","0","0","0","0","0","0","0","0","0","0","0","1","0","1","1","1","1","0","2","0","0","0","0","0","0","0","1","0","0","0","0","0","0","0","0","0","1","0","0","7","1","Грубая посадка (касание до ВПП, """"козел"""", повреждение шасси и др.) в сложных метеоусловиях (ливневый снег, метель, ветер с порывами, Ксц 0.38). Причина в отчете не указана."
"Q2_3_CRJ-200_15.05.20","0","0","0","0","0","0","0","0","0","1","0","0","0","0","0","0","1","0","0","0","0","0","0","0","0","0","0","0","0","0","0","0","1","0","0","0","0","0","0","0","0","0","0","0","0","0","0","0","0","0","0","0","0","0","0","0","1","0","1","6","0","Повреждение ВС разрядом атмосферного электричества из-за попадания в полете в зону с неблагоприятными атмосферными условиями (гроза). Невозможность экипажа оценить грозовую деятельность по данным МРЛС. Недостаточная информация от УВД."
"Q2_4_Ан-124-100_26.05.20","0","0","0","0","0","0","0","0","0","0","0","0","0","0","0","0","0","0","0","0","0","0","0","0","0","0","0","0","0","0","0","0","1","0","0","0","0","0","0","0","0","0","0","0","0","0","0","0","0","0","0","0","0","0","0","0","1","0","1","5","0","Воздействие на ВС града и разряда атмосферного электричества, произошедшего рядом с ВС во время пересечения облаков разной полярности, не достигших грозовой стадии."
"Q3_1_ATR-72-212A_08.07.20","0","0","0","0","0","0","0","0","0","0","0","0","0","0","0","0","0","0","0","0","0","0","0","0","0","0","0","0","0","0","1","1","1","0","0","0","0","0","0","0","0","0","0","0","0","0","0","0","0","0","0","0","0","0","0","0","1","0","1","6","0","Воздействие на ВС разряда атмосферного электричества в процессе выполнения захода на посадку в облачности в районе аэропорта Сочи (грозовая деятельность)."
"Q3_3_B-737-800_12.07.20","0","0","0","0","0","0","0","0","0","0","0","0","0","0","0","0","0","0","0","0","0","0","0","0","0","0","0","0","0","0","0","0","1","0","0","0","0","0","0","0","0","0","0","0","0","0","0","0","0","0","0","0","0","0","0","0","1","0","1","5","0","Поражение разрядом атмосферного электричества из-за повышенной электрической активности атмосферы."
"Q3_4_Ан-24РВ_17.07.20","0","0","0","0","0","0","0","0","0","0","0","0","0","0","0","0","0","0","0","0","0","0","0","0","0","0","0","0","0","0","1","0","1","0","0","0","0","0","0","0","0","0","0","0","0","0","0","0","0","0","0","0","0","0","0","0","1","0","1","4","0","Попадание ВС в зону ливневых осадков с градом. Поражение ВС разрядом атмосферного электричества."
"Q3_5_Ан-24РВ_20.07.20","0","0","0","0","0","0","0","0","0","0","0","0","0","0","0","0","0","0","0","0","0","0","0","0","0","0","0","0","0","2","1","0","1","0","0","0","0","0","0","0","0","0","1","0","0","0","0","0","0","0","0","0","0","0","0","0","1","0","1","4","0","Попадание в условия обледенения, турбулентности и зону града в зоне холодного фронта."
"Q4_1_DHC-6-400_29.10.20","1","0","0","0","0","0","0","0","0","0","0","0","0","0","0","0","0","0","0","0","0","0","0","0","0","0","0","0","0","0","0","1","0","0","0","1","0","0","0","0","0","0","0","0","0","0","0","0","0","0","0","0","0","0","0","0","1","0","0","8","0","Выкатывание за пределы ВПП вправо после посадки. Причина не указана (вероятно, ошибка пилотирования/порыв ветра/сдвиг ветра)."
"Q4_2_A-321_19.11.20","0","0","0","0","0","0","0","0","0","0","0","0","0","0","0","0","0","0","0","0","0","0","0","0","0","0","0","0","0","2","1","1","1","0","0","1","0","0","0","0","0","0","0","0","0","0","0","0","0","0","0","0","0","0","0","0","1","0","1","3","0","Поражение ВС разрядом атмосферного электричества при наборе высоты (гроза, эл-ция, умеренное обледенение и сдвиг ветра)."
"Q4_3_B-737-800_15.12.20","0","1","0","1","0","0","0","0","0","0","0","0","0","0","0","0","0","0","0","0","0","0","0","0","0","0","0","0","0","1","0","0","0","1","1","0","1","0","2","0","0","0","0","0","0","0","1","0","0","0","0","0","0","0","0","0","1","0","0","7","0","Посадка ниже эксплуатационного минимума аэродрома (вертикальная видимость 50-60 м < минимума 65х800)."
"Q4_4_B-737-800_23.12.20","0","0","0","0","0","0","0","0","0","0","0","0","0","0","0","0","0","0","0","0","0","0","0","0","0","0","0","0","0","2","1","1","1","0","0","0","0","0","0","0","0","0","0","0","0","0","0","0","0","0","0","0","0","0","0","0","1","0","1","6","0","Поражение ВС разрядом атмосферного электричества в носовой обтекатель при заходе на посадку (гроза, эл-ция, умеренное обледенение и сдвиг ветра)."
"1_DHC-8-201_16.01.21","0","1","1","1","0","0","0","0","1","0","0","0","1","0","0","0","0","0","0","0","0","0","0","0","0","0","0","0","0","0","0","0","0","1","1","0","1","0","2","0","0","0","0","0","0","0","1","0","0","1","0","0","0","0","1","0","1","0","1","7","0","Нарушение КВС требований п. 3.89 ФАП-128 и п. 7.3.1.10.2.(4) части А РПП АО «Авиакомпания «Аврора» (продолжение захода на посадку после переданных значений RVR ниже эксплуатационного минимума) из-за невнимательности экипажа (неправильное восприятие значения RVR """"500"""" как """"550"""")."
"3_Ил-76_26.01.21","0","1","0","1","0","0","0","1","0","1","0","0","0","0","0","0","0","0","0","0","0","0","0","0","0","0","0","0","0","0","0","0","0","1","1","0","1","0","2","0","1","0","0","0","0","0","1","0","0","1","1","0","1","0","1","0","1","0","0","7","0","Сознательное решение КВС начать снижение и произвести посадку при метеорологических условиях ниже эксплуатационного минимума (ILS 70x900), в нарушение требований п.3.89 и 3.90 ФАП-128 и п.п.8.2 и 8.3 пункта 8 РПП АО «Авиакомпания «АЛРОСА». Факторы: 40131 (неправильная оценка метеообстановки), 40145 (непонимание команд, инструкций - недостаточный уровень знаний документов), 40211 (не уход на второй круг), 531 (халатность)."
"Q2_1_Як-40_09.04.21","1","0","1","1","0","0","0","0","0","1","0","0","0","0","0","0","1","0","0","0","0","0","0","0","0","0","0","0","0","0","0","1","0","0","0","1","0","0","1","0","0","0","0","0","0","1","1","0","0","1","0","0","1","0","0","0","1","0","1","8","0","Выкатывание ВС за пределы ИВПП на пробеге вправо из-за превышения ограничения ВС по боковому ветру, вследствие отсутствия у экипажа ВС информации о нормативном коэффициенте сцепления на момент посадки, неправильного расчёта максимально допустимой скорости бокового ветра и допущенных экипажем отклонений от требований РЛЭ ЯК-40. (Ошибки: 40149 - прочие ошибки в восприятии (не запросил Ксц), 40463 - неправильное манипулирование органами управления)."
"Q3_1_A-320_03.07.21","0","1","0","0","0","0","0","0","0","0","0","0","0","0","0","0","0","0","0","0","0","0","0","0","0","0","0","0","0","0","0","1","0","1","0","0","0","0","0","0","0","0","0","0","0","0","0","0","0","0","0","0","0","0","0","0","1","0","1","3","0","Попадание в условия турбулентности и зону града. Экипаж принял решение продолжить полет."
"Q3_3_Ан-28_16.07.21","0","1","0","0","2","1","0","0","0","0","0","0","0","0","0","0","0","0","0","0","0","0","0","1","0","1","0","0","0","0","0","0","0","0","0","0","0","0","0","0","0","0","1","0","0","0","1","0","0","0","0","0","0","0","0","0","1","1","1","3","1","Отказ двух двигателей в полете. Вынужденная посадка в болотистой местности. (Указана возможная усталость экипажа HF_Fatigue=2, Stress=1, так как выполнили 10 полетов за <24ч)."
"Q3_4_DHC-8-300_17.07.21","0","1","0","1","0","0","0","0","0","0","0","0","0","0","0","0","0","0","0","0","0","0","0","0","0","0","0","0","0","0","0","0","0","1","1","0","0","0","0","0","0","1","0","0","0","0","1","0","0","1","1","0","0","0","1","0","1","0","0","7","0","Непреднамеренное нарушение КВС п. 3.89 ФАП-128 (посадка при погоде ниже минимума) из-за недостатка топлива для ухода на другой аэродром (использовал право командира по ст. 58 ВК РФ). Причина: неоправдавшийся прогноз по аэродрому назначения Якутск, отсутствие запасных аэродромов в радиусе 500 км."
"Q3_6_STINSON_108-1_28.07.21","0","1","0","0","0","0","0","0","0","0","0","0","0","0","0","0","1","0","0","0","0","0","0","0","0","0","0","0","0","0","0","0","1","1","1","1","0","0","0","1","0","0","0","0","0","0","0","0","0","0","0","0","0","0","0","0","1","0","1","7","0","Непреднамеренное попадание легкого ВС в условия грозовой деятельности и ливневых осадков, сопровождающихся порывистым ветром. Вынужденная посадка на автотрассу, сдуло на обочину порывом ветра."
"Q3_8_Ан-24_11.08.21","0","1","0","1","0","0","0","0","0","0","0","0","0","0","0","0","0","0","0","0","0","0","0","0","0","0","0","0","0","0","0","0","0","1","1","0","0","0","0","0","0","1","0","0","0","0","1","0","0","1","1","0","0","0","1","0","1","0","0","7","0","Нарушение КВС требований п.3.89 и 3.90 ФАП-128, РПП АО «Авиакомпания «АЛРОСА» (произвел посадку при метеоусловиях ниже эксплуатационного минимума)."
"Q3_10_B-737-800_15.08.21","0","1","0","1","0","1","0","0","0","0","0","0","0","0","0","0","1","0","0","0","0","0","0","0","0","0","0","0","0","0","0","0","0","1","1","0","0","0","2","0","1","0","0","0","0","0","1","0","0","1","1","0","0","0","1","0","1","1","0","7","0","Посадка на запасном аэродроме Мирный при погоде ниже минимума. Причина: неоправдавшиеся прогнозы погоды по аэродрому назначения Якутск и запасному аэродрому Мирный. КВС использовал право командира по ст. 58 ВК РФ из-за недостатка топлива."
"Q3_13_A-320_25.09.21","0","0","0","0","0","0","0","0","0","0","0","0","0","0","0","0","0","0","0","0","0","0","0","0","0","0","0","0","0","0","0","0","0","1","0","0","0","0","0","0","0","0","0","0","0","0","0","0","0","0","0","0","0","0","0","0","0","0","1","5","0","Воздействие на ВС разряда атмосферного электричества при заходе на посадку в Сочи из-за повышенной электрической активности атмосферы (грозовые очаги в зоне)."
"Q3_14_A-330_25.09.21","0","0","0","0","0","0","0","0","0","0","0","0","0","0","0","0","0","0","0","0","0","0","0","0","0","0","0","0","0","0","2","0","0","1","0","0","0","0","0","0","0","0","0","0","0","0","0","0","0","0","0","0","0","0","0","0","0","0","1","5","0","Поражение ВС разрядом атмосферного электричества в процессе снижения для захода на посадку на ВПП-06 в а/п Сочи (из-за повышенной электрической активности атмосферы)."
"Q3_15_B-737-800_25.09.21","0","0","0","0","0","0","0","0","0","0","0","0","0","0","0","0","0","0","0","0","0","0","0","0","1","0","0","0","0","0","2","0","0","1","0","0","0","0","0","0","0","0","0","0","0","0","0","0","0","0","0","0","0","0","0","0","0","0","1","5","0","Поражение разрядом атмосферного электричества в районе аэродрома Сочи на этапе снижения для производства посадки."
"Q4_9_A-321-271N_02.12.21","1","1","1","1","0","1","0","0","0","1","0","0","2","0","0","0","0","0","0","1","0","0","0","0","1","0","1","0","0","0","3","1","1","0","1","1","1","1","0","1","0","0","0","0","1","0","0","1","0","1","1","1","1","1","1","1","0","1","1","3","0","Серьезный инцидент. Сочетание факторов: 1) Несоблюдение концепции чистого самолета (не удален снег/лед с фюзеляжа перед ПОО -> образование """"барьерного"""" льда перед ППД). 2) Неадекватная ПОО (неправильное решение о проведении/неправильный расход жидкости). 3) Ошибка пилотирования в режиме Alternate Law (несоразмерные отклонения РУ -> сваливание). 4) """"Двойное"""" управление. 5) Расхождение показаний скорости (из-за льда на ППД). Факторы: HF_SkillError=1, HF_DecisionError=1, HF_PerceptionError=1, HF_Violation=1, HF_KnowledgeSkill=1, HF_CRM=2, HF_Ground_Deicing=2, Tech_SystemFailure=1 (переход в Direct/Alternate Law), Env_Icing=3, Env_Turbulence=2, Env_WindShear=1, Env_Visibility=1, Env_Ceiling=1, Env_SurfaceWind=1, Env_Temperature=1, Env_RunwayCondition=2, Org_ProceduresQuality=1, Org_MaintOrganization=1?, Org_SafetyCulture=1?, Ctx_TaskComplexity=1, Ctx_Workload=1, Ctx_UnexpectedEvents=1."
"2_RRJ-95B_10.01.22","1","0","0","0","0","0","0","0","0","0","0","0","0","0","0","0","0","0","0","0","0","0","0","0","0","0","0","0","0","1","0","0","0","1","1","0","1","0","2","0","0","0","0","0","0","0","0","0","0","0","0","0","0","0","0","0","1","0","0","8","0","Выкатывание за концевую полосу безопасности при пробеге после посадки (состояние ВПП, Ксц=0.38, замерзающий дождь)."
"3_A-320_16.01.22","0","0","0","0","0","0","0","0","0","0","0","0","0","0","0","0","0","0","0","0","0","0","0","0","0","0","0","0","0","1","1","1","1","0","0","0","1","0","0","0","0","0","0","0","0","0","0","0","0","0","0","0","0","0","0","0","1","0","1","6","0","Поражение разрядом атмосферного электричества при заходе на посадку в условиях КДО."
"4_Б-738_16.01.22","0","0","0","0","0","0","0","0","0","0","0","0","0","0","0","0","0","0","0","0","0","0","0","0","0","0","0","0","0","1","1","1","1","0","0","0","1","0","0","0","0","0","0","0","0","0","0","0","0","0","0","0","0","0","0","0","1","0","1","6","0","Поражение разрядом атмосферного электричества при снижении для посадки."
"5_A-320_18.01.22","0","0","0","0","0","0","0","0","0","0","0","0","0","0","0","0","0","0","0","0","0","0","0","0","0","0","0","0","0","1","1","1","1","0","0","0","1","0","0","0","0","0","0","0","0","0","0","0","0","0","0","0","0","0","0","0","1","0","1","6","0","Поражение разрядом атмосферного электричества при снижении для посадки."
"6_A-320_18.01.22","0","0","0","0","0","0","0","0","0","0","0","0","0","0","0","0","0","0","0","0","0","0","0","0","0","0","0","0","0","1","1","1","1","0","0","0","1","0","0","0","0","0","0","0","0","0","0","0","0","0","0","0","0","0","0","0","1","0","1","6","0","Поражение разрядом атмосферного электричества при заходе на посадку."
"2_E-170_02.05.22","0","0","0","0","0","0","0","0","0","0","0","0","0","0","0","0","0","0","0","0","0","0","0","0","0","0","0","0","0","0","0","0","1","0","0","0","0","0","0","0","0","0","0","0","0","0","0","0","0","0","0","0","0","0","0","0","1","0","1","5","0","Поражение разрядом атмосферного электричества во время снижения."
"4.G_Ан-2_10.05.22","1","1","0","1","0","0","0","0","0","0","0","0","1","0","0","0","0","0","0","0","0","0","0","0","0","0","0","0","0","0","0","0","0","0","0","1","0","0","1","0","0","1","0","0","0","0","1","0","0","0","0","0","0","0","0","0","1","0","0","8","0","Не выдерживание направления на пробеге, выкатывание с ВПП, столкновение с ограждением (не учтен боковой ветер, РЛЭ)."
"6_ATR72-212A_11.06.22","0","0","0","0","0","0","0","0","0","0","0","0","0","0","0","0","0","0","0","0","0","0","0","0","0","0","0","0","0","1","1","0","1","0","0","0","0","0","0","0","0","0","0","0","0","0","0","0","0","0","0","0","0","0","0","0","1","0","1","4","0","Поражение разрядом атмосферного электричества (вероятно при пересечении холодного фронта)."
"1_E170_08.07.22","0","0","0","0","0","0","0","0","0","0","0","0","0","0","0","0","0","0","0","0","0","0","0","0","0","0","0","0","0","0","0","0","1","0","0","0","0","0","0","0","0","0","0","0","0","0","0","0","0","0","0","0","0","0","0","0","1","0","1","3","0","Поражение разрядом атмосферного электричества (повреждение правого винглета)."
"3_В-737-800_16.08.22","0","1","0","1","0","0","0","0","0","0","0","0","0","0","0","0","0","0","0","0","0","0","0","0","0","0","0","0","0","0","0","0","0","1","1","0","0","0","0","0","0","0","0","0","0","0","1","0","0","0","1","0","0","0","0","0","1","0","1","7","0","Посадка ниже минимума (60x550) из-за неоправдавшегося прогноза."
"4_Ан-24Б_17.08.22","1","1","0","0","0","0","0","0","0","0","0","0","0","0","0","0","0","0","0","0","0","0","0","0","0","0","0","0","0","0","0","0","0","1","1","0","0","0","1","0","0","0","0","0","0","0","0","0","0","0","0","0","0","0","0","0","1","0","0","8","1","Выкатывание за пределы ИВПП при посадке."
"5_В-737-800_21.09.22","0","0","0","0","0","0","0","0","0","0","0","0","0","0","0","0","0","0","0","0","0","0","0","0","0","0","0","0","0","1","1","1","1","0","0","0","0","0","0","0","0","0","0","0","0","0","0","0","0","0","0","0","0","0","0","0","1","0","1","6","0","Поражение разрядом атмосферного электричества при снижении."
"6_RRJ-95_21.09.22","0","0","0","0","0","0","0","0","0","0","0","0","0","0","0","0","0","0","0","0","0","0","0","0","0","0","0","0","0","1","1","1","1","0","0","0","0","0","0","0","0","0","0","0","0","0","0","0","0","0","0","0","0","0","0","0","1","0","1","3","0","Поражение разрядом атмосферного электричества после взлета."
"1_Ан-24РВ_05.11.22","0","1","1","1","0","0","0","0","0","0","0","0","1","0","0","0","0","0","0","0","0","0","0","0","0","0","0","0","0","0","0","0","0","1","1","0","1","0","0","0","0","0","0","0","0","0","1","0","0","0","0","0","0","0","0","0","1","0","0","7","0","Посадка ниже минимума (200x3000) - нарушение п.3.89 ФАП-128 и п.4.5.7.1 РПП."
"1_Ан-2ТП_09.01.23","1","1","1","1","0","1","0","0","0","0","0","0","0","0","0","0","1","0","0","0","0","0","0","0","0","0","0","0","1","3","1","0","0","1","1","0","1","0","2","0","0","0","1","0","0","0","1","0","0","0","0","0","0","0","0","0","1","1","1","6","2","Катастрофа при заходе на посадку в сложных метеоусловиях (обледенение, низкая видимость/облачность)."
"1_Б-737-800_05.04.23","0","0","0","0","0","1","0","0","0","0","0","0","0","0","0","0","0","0","0","0","0","0","0","0","0","0","0","0","0","0","0","1","1","0","0","1","0","0","0","0","0","0","0","0","0","0","0","0","0","0","0","0","0","0","0","0","1","1","1","6","0","Попадание в сильный сдвиг ветра при заходе на посадку, уход на второй круг."
"3_A-319_14.07.23","0","0","0","1","0","0","0","0","0","0","0","0","0","0","0","0","1","0","0","0","0","0","0","0","0","0","0","0","0","0","0","0","1","0","0","0","0","0","0","0","0","0","0","0","0","0","0","0","0","0","0","0","0","0","0","0","1","0","1","6","0","Поражение разрядом атмосферного электричества при заходе на посадку (нарушение - не доложил УВД)."
"6_B-737-800_21.08.23","1","0","0","0","0","0","0","0","0","0","0","0","0","0","0","0","0","0","0","0","0","0","0","0","0","0","0","0","0","0","0","0","0","0","0","0","0","0","1","0","0","0","0","0","0","0","0","0","0","0","0","0","0","0","0","0","0","0","0","8","0","Выкатывание на БПБ при пробеге после посадки."
"7_RRJ-95LR_27.08.23","0","0","0","0","0","0","0","0","0","0","0","0","0","0","0","0","0","0","0","0","0","0","0","0","0","0","0","0","0","0","0","0","1","0","0","0","0","0","0","0","0","0","0","0","0","0","0","0","0","0","0","0","0","0","0","0","1","0","1","4","0","Поражение разрядом атмосферного электричества."
"1_Ан-24М_19.10.23","1","0","0","0","0","0","0","0","0","0","0","0","0","0","0","0","0","0","0","0","0","0","0","0","0","0","0","0","0","1","0","0","0","1","1","0","1","0","2","0","0","0","0","0","0","0","0","0","0","0","0","0","0","0","0","0","1","0","0","8","0","Выкатывание за пределы ИВПП на КПБ при пробеге после посадки."
"2_B-737-800_24.10.23","1","0","0","0","0","0","0","0","0","0","0","0","0","0","0","0","0","0","0","0","0","0","0","0","0","0","0","0","0","1","0","0","0","1","0","0","1","0","2","0","0","0","0","0","0","0","0","0","0","0","0","0","0","0","0","0","1","0","0","8","0","Выкатывание за пределы ИВПП на БПБ при пробеге после посадки."
"5_Як-40_15.12.23","1","0","0","0","0","0","0","0","0","0","0","0","0","0","0","0","0","0","0","0","0","0","0","0","0","0","0","0","0","0","0","0","0","1","1","0","1","0","2","0","0","0","0","0","0","0","0","0","0","0","0","0","0","0","0","0","1","0","0","8","0","Выкатывание за пределы ИВПП при пробеге после посадки."
"6_Ан-26-100_21.12.23","0","1","0","1","0","0","0","0","0","0","0","0","0","0","0","0","0","0","0","0","0","0","0","0","0","0","0","0","0","0","0","0","0","1","1","1","1","0","2","0","0","0","0","0","0","0","1","0","0","0","0","0","0","0","0","0","1","0","0","7","0","Посадка ниже эксплуатационного минимума (100x1500)."
"7_Ан-74_28.12.23","0","1","1","1","0","0","0","0","0","0","0","0","1","0","0","0","0","0","0","0","0","0","0","0","0","0","0","0","0","0","0","0","0","1","1","0","1","0","0","0","0","0","0","0","0","0","1","0","0","0","0","0","0","0","0","0","1","0","0","7","0","Посадка ниже эксплуатационного минимума (200x2500)."
